RMSE,MAE,Bias,r
20.700478213312973,16.01853617015945,-2.060979317174447,0.7546413359182119
