canopy_class,n,RMSE,MAE,Bias,r
0-20,297,23.179491881154025,16.067486072605107,15.96877081664624,0.26103653717902753
20-40,288,16.705034761937092,13.194326052649153,6.8098576222029,0.20267082894551572
40-60,223,16.807787223766567,13.567798036764556,4.066236681334106,0.27778867248608535
60-80,385,17.093949373693885,12.72283873581267,-8.39670404791832,-0.03019101471620882
80-100,304,27.268134149113067,24.617853633275157,-24.550295023149566,0.04200110349515375
